,name,level,N.Obs,N.Accident,Accident-Rate
0,ADDRTYPE,Alley,751.0,833.0,1.1091877496671105
1,ADDRTYPE,Block,126926.0,157022.0,1.2371145391803098
2,ADDRTYPE,Intersection,65070.0,92889.0,1.427524204702628
3,ADDRTYPE,Missing,1926.0,2117.0,1.0991692627206646
4,#,#,#,#,#
